"アイテムID(NC)","アイテムコード","名称","代表画像ファイル名(NC)","説明","素材","サイズHTML","表示順","アイテム表示可否","納期(日)","配送コメント","最低数量","アイテムプラットフォームプリセット","アイテム個体ID","カラーID","カラー名称(NC)","カラー表示順","サイズID","サイズ名称(NC)","3DモデルID","3Dモデル名称(NC)","アイテム個体表示可否","アイテム個体プラットフォームプリセット","ベンダー名(ベンダー情報)","アイテム型番(ベンダー情報)","カラー名(ベンダー情報)","カラーコード(ベンダー情報)","サイズ名(ベンダー情報)","JAN(ベンダー情報)","価格(ベンダー情報)"
"13573","5942-01","5942-01 6.2オンス プレミアム Tシャツ","","United Athle 5942-01。6.2オンス プレミアム Tシャツ。","綿100%","XS,S,M,L,XL,XXL,XXXL","3","1","10","（仮）通常配送","1","0","","6052","ホワイト","1","6046","","","","1","0","（仮）","5942-01","ホワイト","0001","XS","2900000036001","1760"
"13573","5942-01","5942-01 6.2オンス プレミアム Tシャツ","","United Athle 5942-01。6.2オンス プレミアム Tシャツ。","綿100%","XS,S,M,L,XL,XXL,XXXL","3","1","10","（仮）通常配送","1","0","","6060","ブラック","2","6046","","","","1","0","（仮）","5942-01","ブラック","0002","XS","2900000036002","1870"
"13573","5942-01","5942-01 6.2オンス プレミアム Tシャツ","","United Athle 5942-01。6.2オンス プレミアム Tシャツ。","綿100%","XS,S,M,L,XL,XXL,XXXL","3","1","10","（仮）通常配送","1","0","","6054","アッシュ","3","6046","","","","1","0","（仮）","5942-01","アッシュ","0005","XS","2900000036003","1870"
"13573","5942-01","5942-01 6.2オンス プレミアム Tシャツ","","United Athle 5942-01。6.2オンス プレミアム Tシャツ。","綿100%","XS,S,M,L,XL,XXL,XXXL","3","1","10","（仮）通常配送","1","0","","6241","ミックスグレー","4","6046","","","","1","0","（仮）","5942-01","ミックスグレー","0006","XS","2900000036004","1870"
"13573","5942-01","5942-01 6.2オンス プレミアム Tシャツ","","United Athle 5942-01。6.2オンス プレミアム Tシャツ。","綿100%","XS,S,M,L,XL,XXL,XXXL","3","1","10","（仮）通常配送","1","0","","6058","チャコール","5","6046","","","","1","0","（仮）","5942-01","チャコール","0007","XS","2900000036005","1870"
"13573","5942-01","5942-01 6.2オンス プレミアム Tシャツ","","United Athle 5942-01。6.2オンス プレミアム Tシャツ。","綿100%","XS,S,M,L,XL,XXL,XXXL","3","1","10","（仮）通常配送","1","0","","6055","オートミール","6","6046","","","","1","0","（仮）","5942-01","オートミール","0009","XS","2900000036006","1870"
"13573","5942-01","5942-01 6.2オンス プレミアム Tシャツ","","United Athle 5942-01。6.2オンス プレミアム Tシャツ。","綿100%","XS,S,M,L,XL,XXL,XXXL","3","1","10","（仮）通常配送","1","0","","6053","アイボリー","7","6046","","","","1","0","（仮）","5942-01","アイボリー","0016","XS","2900000036007","1870"
"13573","5942-01","5942-01 6.2オンス プレミアム Tシャツ","","United Athle 5942-01。6.2オンス プレミアム Tシャツ。","綿100%","XS,S,M,L,XL,XXL,XXXL","3","1","10","（仮）通常配送","1","0","","6063","ナチュラル","8","6046","","","","1","0","（仮）","5942-01","ナチュラル","0019","XS","2900000036008","1870"
"13573","5942-01","5942-01 6.2オンス プレミアム Tシャツ","","United Athle 5942-01。6.2オンス プレミアム Tシャツ。","綿100%","XS,S,M,L,XL,XXL,XXXL","3","1","10","（仮）通常配送","1","0","","6065","イエロー","9","6046","","","","1","0","（仮）","5942-01","イエロー","0021","XS","2900000036009","1870"
"13573","5942-01","5942-01 6.2オンス プレミアム Tシャツ","","United Athle 5942-01。6.2オンス プレミアム Tシャツ。","綿100%","XS,S,M,L,XL,XXL,XXXL","3","1","10","（仮）通常配送","1","0","","6243","ゴールド","10","6046","","","","1","0","（仮）","5942-01","ゴールド","0022","XS","2900000036010","1870"
"13573","5942-01","5942-01 6.2オンス プレミアム Tシャツ","","United Athle 5942-01。6.2オンス プレミアム Tシャツ。","綿100%","XS,S,M,L,XL,XXL,XXXL","3","1","10","（仮）通常配送","1","0","","6093","グリーン","11","6046","","","","1","0","（仮）","5942-01","グリーン","0029","XS","2900000036011","1870"
"13573","5942-01","5942-01 6.2オンス プレミアム Tシャツ","","United Athle 5942-01。6.2オンス プレミアム Tシャツ。","綿100%","XS,S,M,L,XL,XXL,XXXL","3","1","10","（仮）通常配送","1","0","","6245","シティグリーン","12","6046","","","","1","0","（仮）","5942-01","シティグリーン","0035","XS","2900000036012","1870"
"13573","5942-01","5942-01 6.2オンス プレミアム Tシャツ","","United Athle 5942-01。6.2オンス プレミアム Tシャツ。","綿100%","XS,S,M,L,XL,XXL,XXXL","3","1","10","（仮）通常配送","1","0","","6295","ライムグリーン","13","6046","","","","1","0","（仮）","5942-01","ライムグリーン","0036","XS","2900000036013","1870"
"13573","5942-01","5942-01 6.2オンス プレミアム Tシャツ","","United Athle 5942-01。6.2オンス プレミアム Tシャツ。","綿100%","XS,S,M,L,XL,XXL,XXXL","3","1","10","（仮）通常配送","1","0","","6078","ダークブラウン","14","6046","","","","1","0","（仮）","5942-01","ダークブラウン","0052","XS","2900000036014","1870"
"13573","5942-01","5942-01 6.2オンス プレミアム Tシャツ","","United Athle 5942-01。6.2オンス プレミアム Tシャツ。","綿100%","XS,S,M,L,XL,XXL,XXXL","3","1","10","（仮）通常配送","1","0","","6289","モスグリーン","15","6046","","","","1","0","（仮）","5942-01","モスグリーン","0054","XS","2900000036015","1870"
"13573","5942-01","5942-01 6.2オンス プレミアム Tシャツ","","United Athle 5942-01。6.2オンス プレミアム Tシャツ。","綿100%","XS,S,M,L,XL,XXL,XXXL","3","1","10","（仮）通常配送","1","0","","6067","オレンジ","16","6046","","","","1","0","（仮）","5942-01","オレンジ","0064","XS","2900000036016","1870"
"13573","5942-01","5942-01 6.2オンス プレミアム Tシャツ","","United Athle 5942-01。6.2オンス プレミアム Tシャツ。","綿100%","XS,S,M,L,XL,XXL,XXXL","3","1","10","（仮）通常配送","1","0","","6073","ピンク","17","6046","","","","1","0","（仮）","5942-01","ピンク","0066","XS","2900000036017","1870"
"13573","5942-01","5942-01 6.2オンス プレミアム Tシャツ","","United Athle 5942-01。6.2オンス プレミアム Tシャツ。","綿100%","XS,S,M,L,XL,XXL,XXXL","3","1","10","（仮）通常配送","1","0","","6068","レッド","18","6046","","","","1","0","（仮）","5942-01","レッド","0069","XS","2900000036018","1870"
"13573","5942-01","5942-01 6.2オンス プレミアム Tシャツ","","United Athle 5942-01。6.2オンス プレミアム Tシャツ。","綿100%","XS,S,M,L,XL,XXL,XXXL","3","1","10","（仮）通常配送","1","0","","6075","バーガンディ","19","6046","","","","1","0","（仮）","5942-01","バーガンディ","0072","XS","2900000036019","1870"
"13573","5942-01","5942-01 6.2オンス プレミアム Tシャツ","","United Athle 5942-01。6.2オンス プレミアム Tシャツ。","綿100%","XS,S,M,L,XL,XXL,XXXL","3","1","10","（仮）通常配送","1","0","","6296","マットパープル","20","6046","","","","1","0","（仮）","5942-01","マットパープル","0079","XS","2900000036020","1870"
"13573","5942-01","5942-01 6.2オンス プレミアム Tシャツ","","United Athle 5942-01。6.2オンス プレミアム Tシャツ。","綿100%","XS,S,M,L,XL,XXL,XXXL","3","1","10","（仮）通常配送","1","0","","6248","サックス","21","6046","","","","1","0","（仮）","5942-01","サックス","0082","XS","2900000036021","1870"
"13573","5942-01","5942-01 6.2オンス プレミアム Tシャツ","","United Athle 5942-01。6.2オンス プレミアム Tシャツ。","綿100%","XS,S,M,L,XL,XXL,XXXL","3","1","10","（仮）通常配送","1","0","","6083","ロイヤルブルー","22","6046","","","","1","0","（仮）","5942-01","ロイヤルブルー","0085","XS","2900000036022","1870"
"13573","5942-01","5942-01 6.2オンス プレミアム Tシャツ","","United Athle 5942-01。6.2オンス プレミアム Tシャツ。","綿100%","XS,S,M,L,XL,XXL,XXXL","3","1","10","（仮）通常配送","1","0","","6087","ネイビー","23","6046","","","","1","0","（仮）","5942-01","ネイビー","0086","XS","2900000036023","1870"
"13573","5942-01","5942-01 6.2オンス プレミアム Tシャツ","","United Athle 5942-01。6.2オンス プレミアム Tシャツ。","綿100%","XS,S,M,L,XL,XXL,XXXL","3","1","10","（仮）通常配送","1","0","","6085","インディゴ","24","6046","","","","1","0","（仮）","5942-01","インディゴ","0087","XS","2900000036024","1870"
"13573","5942-01","5942-01 6.2オンス プレミアム Tシャツ","","United Athle 5942-01。6.2オンス プレミアム Tシャツ。","綿100%","XS,S,M,L,XL,XXL,XXXL","3","1","10","（仮）通常配送","1","0","","6250","スレート","25","6046","","","","1","0","（仮）","5942-01","スレート","0088","XS","2900000036025","1870"
"13573","5942-01","5942-01 6.2オンス プレミアム Tシャツ","","United Athle 5942-01。6.2オンス プレミアム Tシャツ。","綿100%","XS,S,M,L,XL,XXL,XXXL","3","1","10","（仮）通常配送","1","0","","6251","スミ","26","6046","","","","1","0","（仮）","5942-01","スミ","0165","XS","2900000036026","1870"
"13573","5942-01","5942-01 6.2オンス プレミアム Tシャツ","","United Athle 5942-01。6.2オンス プレミアム Tシャツ。","綿100%","XS,S,M,L,XL,XXL,XXXL","3","1","10","（仮）通常配送","1","0","","6253","バニラホワイト","27","6046","","","","1","0","（仮）","5942-01","バニラホワイト","0191","XS","2900000036027","1870"
"13573","5942-01","5942-01 6.2オンス プレミアム Tシャツ","","United Athle 5942-01。6.2オンス プレミアム Tシャツ。","綿100%","XS,S,M,L,XL,XXL,XXXL","3","1","10","（仮）通常配送","1","0","","6297","セージグリーン","28","6046","","","","1","0","（仮）","5942-01","セージグリーン","0193","XS","2900000036028","1870"
"13573","5942-01","5942-01 6.2オンス プレミアム Tシャツ","","United Athle 5942-01。6.2オンス プレミアム Tシャツ。","綿100%","XS,S,M,L,XL,XXL,XXXL","3","1","10","（仮）通常配送","1","0","","6298","スモーキーピンク","29","6046","","","","1","0","（仮）","5942-01","スモーキーピンク","0209","XS","2900000036029","1870"
"13573","5942-01","5942-01 6.2オンス プレミアム Tシャツ","","United Athle 5942-01。6.2オンス プレミアム Tシャツ。","綿100%","XS,S,M,L,XL,XXL,XXXL","3","1","10","（仮）通常配送","1","0","","6255","バナナ","30","6046","","","","1","0","（仮）","5942-01","バナナ","0369","XS","2900000036030","1870"
"13573","5942-01","5942-01 6.2オンス プレミアム Tシャツ","","United Athle 5942-01。6.2オンス プレミアム Tシャツ。","綿100%","XS,S,M,L,XL,XXL,XXXL","3","1","10","（仮）通常配送","1","0","","6299","フロストパープル","31","6046","","","","1","0","（仮）","5942-01","フロストパープル","0427","XS","2900000036031","1870"
"13573","5942-01","5942-01 6.2オンス プレミアム Tシャツ","","United Athle 5942-01。6.2オンス プレミアム Tシャツ。","綿100%","XS,S,M,L,XL,XXL,XXXL","3","1","10","（仮）通常配送","1","0","","6300","スモーキーレッド","32","6046","","","","1","0","（仮）","5942-01","スモーキーレッド","0432","XS","2900000036032","1870"
"13573","5942-01","5942-01 6.2オンス プレミアム Tシャツ","","United Athle 5942-01。6.2オンス プレミアム Tシャツ。","綿100%","XS,S,M,L,XL,XXL,XXXL","3","1","10","（仮）通常配送","1","0","","6079","ライトブルー","33","6046","","","","1","0","（仮）","5942-01","ライトブルー","0488","XS","2900000036033","1870"
"13573","5942-01","5942-01 6.2オンス プレミアム Tシャツ","","United Athle 5942-01。6.2オンス プレミアム Tシャツ。","綿100%","XS,S,M,L,XL,XXL,XXXL","3","1","10","（仮）通常配送","1","0","","6094","アイビーグリーン","34","6046","","","","1","0","（仮）","5942-01","アイビーグリーン","0497","XS","2900000036034","1870"
"13573","5942-01","5942-01 6.2オンス プレミアム Tシャツ","","United Athle 5942-01。6.2オンス プレミアム Tシャツ。","綿100%","XS,S,M,L,XL,XXL,XXXL","3","1","10","（仮）通常配送","1","0","","6258","サンドカーキ","35","6046","","","","1","0","（仮）","5942-01","サンドカーキ","0537","XS","2900000036035","1870"
"13573","5942-01","5942-01 6.2オンス プレミアム Tシャツ","","United Athle 5942-01。6.2オンス プレミアム Tシャツ。","綿100%","XS,S,M,L,XL,XXL,XXXL","3","1","10","（仮）通常配送","1","0","","6264","ベビーピンク","36","6046","","","","1","0","（仮）","5942-01","ベビーピンク","0576","XS","2900000036036","1870"
"13573","5942-01","5942-01 6.2オンス プレミアム Tシャツ","","United Athle 5942-01。6.2オンス プレミアム Tシャツ。","綿100%","XS,S,M,L,XL,XXL,XXXL","3","1","10","（仮）通常配送","1","0","","6301","フロストブルー","37","6046","","","","1","0","（仮）","5942-01","フロストブルー","0932","XS","2900000036037","1870"
"13573","5942-01","5942-01 6.2オンス プレミアム Tシャツ","","United Athle 5942-01。6.2オンス プレミアム Tシャツ。","綿100%","XS,S,M,L,XL,XXL,XXXL","3","1","10","（仮）通常配送","1","0","","6269","ヘイジーブラック","38","6046","","","","1","0","（仮）","5942-01","ヘイジーブラック","0933","XS","2900000036038","1870"
"13573","5942-01","5942-01 6.2オンス プレミアム Tシャツ","","United Athle 5942-01。6.2オンス プレミアム Tシャツ。","綿100%","XS,S,M,L,XL,XXL,XXXL","3","1","10","（仮）通常配送","1","0","","6270","ヘイジーネイビー","39","6046","","","","1","0","（仮）","5942-01","ヘイジーネイビー","0934","XS","2900000036039","1870"
"13573","5942-01","5942-01 6.2オンス プレミアム Tシャツ","","United Athle 5942-01。6.2オンス プレミアム Tシャツ。","綿100%","XS,S,M,L,XL,XXL,XXXL","3","1","10","（仮）通常配送","1","0","","6052","ホワイト","1","5018","","","","1","0","（仮）","5942-01","ホワイト","0001","S","2900000036040","1760"
"13573","5942-01","5942-01 6.2オンス プレミアム Tシャツ","","United Athle 5942-01。6.2オンス プレミアム Tシャツ。","綿100%","XS,S,M,L,XL,XXL,XXXL","3","1","10","（仮）通常配送","1","0","","6060","ブラック","2","5018","","","","1","0","（仮）","5942-01","ブラック","0002","S","2900000036041","1870"
"13573","5942-01","5942-01 6.2オンス プレミアム Tシャツ","","United Athle 5942-01。6.2オンス プレミアム Tシャツ。","綿100%","XS,S,M,L,XL,XXL,XXXL","3","1","10","（仮）通常配送","1","0","","6054","アッシュ","3","5018","","","","1","0","（仮）","5942-01","アッシュ","0005","S","2900000036042","1870"
"13573","5942-01","5942-01 6.2オンス プレミアム Tシャツ","","United Athle 5942-01。6.2オンス プレミアム Tシャツ。","綿100%","XS,S,M,L,XL,XXL,XXXL","3","1","10","（仮）通常配送","1","0","","6241","ミックスグレー","4","5018","","","","1","0","（仮）","5942-01","ミックスグレー","0006","S","2900000036043","1870"
"13573","5942-01","5942-01 6.2オンス プレミアム Tシャツ","","United Athle 5942-01。6.2オンス プレミアム Tシャツ。","綿100%","XS,S,M,L,XL,XXL,XXXL","3","1","10","（仮）通常配送","1","0","","6058","チャコール","5","5018","","","","1","0","（仮）","5942-01","チャコール","0007","S","2900000036044","1870"
"13573","5942-01","5942-01 6.2オンス プレミアム Tシャツ","","United Athle 5942-01。6.2オンス プレミアム Tシャツ。","綿100%","XS,S,M,L,XL,XXL,XXXL","3","1","10","（仮）通常配送","1","0","","6055","オートミール","6","5018","","","","1","0","（仮）","5942-01","オートミール","0009","S","2900000036045","1870"
"13573","5942-01","5942-01 6.2オンス プレミアム Tシャツ","","United Athle 5942-01。6.2オンス プレミアム Tシャツ。","綿100%","XS,S,M,L,XL,XXL,XXXL","3","1","10","（仮）通常配送","1","0","","6053","アイボリー","7","5018","","","","1","0","（仮）","5942-01","アイボリー","0016","S","2900000036046","1870"
"13573","5942-01","5942-01 6.2オンス プレミアム Tシャツ","","United Athle 5942-01。6.2オンス プレミアム Tシャツ。","綿100%","XS,S,M,L,XL,XXL,XXXL","3","1","10","（仮）通常配送","1","0","","6063","ナチュラル","8","5018","","","","1","0","（仮）","5942-01","ナチュラル","0019","S","2900000036047","1870"
"13573","5942-01","5942-01 6.2オンス プレミアム Tシャツ","","United Athle 5942-01。6.2オンス プレミアム Tシャツ。","綿100%","XS,S,M,L,XL,XXL,XXXL","3","1","10","（仮）通常配送","1","0","","6065","イエロー","9","5018","","","","1","0","（仮）","5942-01","イエロー","0021","S","2900000036048","1870"
"13573","5942-01","5942-01 6.2オンス プレミアム Tシャツ","","United Athle 5942-01。6.2オンス プレミアム Tシャツ。","綿100%","XS,S,M,L,XL,XXL,XXXL","3","1","10","（仮）通常配送","1","0","","6243","ゴールド","10","5018","","","","1","0","（仮）","5942-01","ゴールド","0022","S","2900000036049","1870"
"13573","5942-01","5942-01 6.2オンス プレミアム Tシャツ","","United Athle 5942-01。6.2オンス プレミアム Tシャツ。","綿100%","XS,S,M,L,XL,XXL,XXXL","3","1","10","（仮）通常配送","1","0","","6093","グリーン","11","5018","","","","1","0","（仮）","5942-01","グリーン","0029","S","2900000036050","1870"
"13573","5942-01","5942-01 6.2オンス プレミアム Tシャツ","","United Athle 5942-01。6.2オンス プレミアム Tシャツ。","綿100%","XS,S,M,L,XL,XXL,XXXL","3","1","10","（仮）通常配送","1","0","","6245","シティグリーン","12","5018","","","","1","0","（仮）","5942-01","シティグリーン","0035","S","2900000036051","1870"
"13573","5942-01","5942-01 6.2オンス プレミアム Tシャツ","","United Athle 5942-01。6.2オンス プレミアム Tシャツ。","綿100%","XS,S,M,L,XL,XXL,XXXL","3","1","10","（仮）通常配送","1","0","","6295","ライムグリーン","13","5018","","","","1","0","（仮）","5942-01","ライムグリーン","0036","S","2900000036052","1870"
"13573","5942-01","5942-01 6.2オンス プレミアム Tシャツ","","United Athle 5942-01。6.2オンス プレミアム Tシャツ。","綿100%","XS,S,M,L,XL,XXL,XXXL","3","1","10","（仮）通常配送","1","0","","6078","ダークブラウン","14","5018","","","","1","0","（仮）","5942-01","ダークブラウン","0052","S","2900000036053","1870"
"13573","5942-01","5942-01 6.2オンス プレミアム Tシャツ","","United Athle 5942-01。6.2オンス プレミアム Tシャツ。","綿100%","XS,S,M,L,XL,XXL,XXXL","3","1","10","（仮）通常配送","1","0","","6289","モスグリーン","15","5018","","","","1","0","（仮）","5942-01","モスグリーン","0054","S","2900000036054","1870"
"13573","5942-01","5942-01 6.2オンス プレミアム Tシャツ","","United Athle 5942-01。6.2オンス プレミアム Tシャツ。","綿100%","XS,S,M,L,XL,XXL,XXXL","3","1","10","（仮）通常配送","1","0","","6067","オレンジ","16","5018","","","","1","0","（仮）","5942-01","オレンジ","0064","S","2900000036055","1870"
"13573","5942-01","5942-01 6.2オンス プレミアム Tシャツ","","United Athle 5942-01。6.2オンス プレミアム Tシャツ。","綿100%","XS,S,M,L,XL,XXL,XXXL","3","1","10","（仮）通常配送","1","0","","6073","ピンク","17","5018","","","","1","0","（仮）","5942-01","ピンク","0066","S","2900000036056","1870"
"13573","5942-01","5942-01 6.2オンス プレミアム Tシャツ","","United Athle 5942-01。6.2オンス プレミアム Tシャツ。","綿100%","XS,S,M,L,XL,XXL,XXXL","3","1","10","（仮）通常配送","1","0","","6068","レッド","18","5018","","","","1","0","（仮）","5942-01","レッド","0069","S","2900000036057","1870"
"13573","5942-01","5942-01 6.2オンス プレミアム Tシャツ","","United Athle 5942-01。6.2オンス プレミアム Tシャツ。","綿100%","XS,S,M,L,XL,XXL,XXXL","3","1","10","（仮）通常配送","1","0","","6075","バーガンディ","19","5018","","","","1","0","（仮）","5942-01","バーガンディ","0072","S","2900000036058","1870"
"13573","5942-01","5942-01 6.2オンス プレミアム Tシャツ","","United Athle 5942-01。6.2オンス プレミアム Tシャツ。","綿100%","XS,S,M,L,XL,XXL,XXXL","3","1","10","（仮）通常配送","1","0","","6296","マットパープル","20","5018","","","","1","0","（仮）","5942-01","マットパープル","0079","S","2900000036059","1870"
"13573","5942-01","5942-01 6.2オンス プレミアム Tシャツ","","United Athle 5942-01。6.2オンス プレミアム Tシャツ。","綿100%","XS,S,M,L,XL,XXL,XXXL","3","1","10","（仮）通常配送","1","0","","6248","サックス","21","5018","","","","1","0","（仮）","5942-01","サックス","0082","S","2900000036060","1870"
"13573","5942-01","5942-01 6.2オンス プレミアム Tシャツ","","United Athle 5942-01。6.2オンス プレミアム Tシャツ。","綿100%","XS,S,M,L,XL,XXL,XXXL","3","1","10","（仮）通常配送","1","0","","6083","ロイヤルブルー","22","5018","","","","1","0","（仮）","5942-01","ロイヤルブルー","0085","S","2900000036061","1870"
"13573","5942-01","5942-01 6.2オンス プレミアム Tシャツ","","United Athle 5942-01。6.2オンス プレミアム Tシャツ。","綿100%","XS,S,M,L,XL,XXL,XXXL","3","1","10","（仮）通常配送","1","0","","6087","ネイビー","23","5018","","","","1","0","（仮）","5942-01","ネイビー","0086","S","2900000036062","1870"
"13573","5942-01","5942-01 6.2オンス プレミアム Tシャツ","","United Athle 5942-01。6.2オンス プレミアム Tシャツ。","綿100%","XS,S,M,L,XL,XXL,XXXL","3","1","10","（仮）通常配送","1","0","","6085","インディゴ","24","5018","","","","1","0","（仮）","5942-01","インディゴ","0087","S","2900000036063","1870"
"13573","5942-01","5942-01 6.2オンス プレミアム Tシャツ","","United Athle 5942-01。6.2オンス プレミアム Tシャツ。","綿100%","XS,S,M,L,XL,XXL,XXXL","3","1","10","（仮）通常配送","1","0","","6250","スレート","25","5018","","","","1","0","（仮）","5942-01","スレート","0088","S","2900000036064","1870"
"13573","5942-01","5942-01 6.2オンス プレミアム Tシャツ","","United Athle 5942-01。6.2オンス プレミアム Tシャツ。","綿100%","XS,S,M,L,XL,XXL,XXXL","3","1","10","（仮）通常配送","1","0","","6251","スミ","26","5018","","","","1","0","（仮）","5942-01","スミ","0165","S","2900000036065","1870"
"13573","5942-01","5942-01 6.2オンス プレミアム Tシャツ","","United Athle 5942-01。6.2オンス プレミアム Tシャツ。","綿100%","XS,S,M,L,XL,XXL,XXXL","3","1","10","（仮）通常配送","1","0","","6253","バニラホワイト","27","5018","","","","1","0","（仮）","5942-01","バニラホワイト","0191","S","2900000036066","1870"
"13573","5942-01","5942-01 6.2オンス プレミアム Tシャツ","","United Athle 5942-01。6.2オンス プレミアム Tシャツ。","綿100%","XS,S,M,L,XL,XXL,XXXL","3","1","10","（仮）通常配送","1","0","","6297","セージグリーン","28","5018","","","","1","0","（仮）","5942-01","セージグリーン","0193","S","2900000036067","1870"
"13573","5942-01","5942-01 6.2オンス プレミアム Tシャツ","","United Athle 5942-01。6.2オンス プレミアム Tシャツ。","綿100%","XS,S,M,L,XL,XXL,XXXL","3","1","10","（仮）通常配送","1","0","","6298","スモーキーピンク","29","5018","","","","1","0","（仮）","5942-01","スモーキーピンク","0209","S","2900000036068","1870"
"13573","5942-01","5942-01 6.2オンス プレミアム Tシャツ","","United Athle 5942-01。6.2オンス プレミアム Tシャツ。","綿100%","XS,S,M,L,XL,XXL,XXXL","3","1","10","（仮）通常配送","1","0","","6255","バナナ","30","5018","","","","1","0","（仮）","5942-01","バナナ","0369","S","2900000036069","1870"
"13573","5942-01","5942-01 6.2オンス プレミアム Tシャツ","","United Athle 5942-01。6.2オンス プレミアム Tシャツ。","綿100%","XS,S,M,L,XL,XXL,XXXL","3","1","10","（仮）通常配送","1","0","","6299","フロストパープル","31","5018","","","","1","0","（仮）","5942-01","フロストパープル","0427","S","2900000036070","1870"
"13573","5942-01","5942-01 6.2オンス プレミアム Tシャツ","","United Athle 5942-01。6.2オンス プレミアム Tシャツ。","綿100%","XS,S,M,L,XL,XXL,XXXL","3","1","10","（仮）通常配送","1","0","","6300","スモーキーレッド","32","5018","","","","1","0","（仮）","5942-01","スモーキーレッド","0432","S","2900000036071","1870"
"13573","5942-01","5942-01 6.2オンス プレミアム Tシャツ","","United Athle 5942-01。6.2オンス プレミアム Tシャツ。","綿100%","XS,S,M,L,XL,XXL,XXXL","3","1","10","（仮）通常配送","1","0","","6079","ライトブルー","33","5018","","","","1","0","（仮）","5942-01","ライトブルー","0488","S","2900000036072","1870"
"13573","5942-01","5942-01 6.2オンス プレミアム Tシャツ","","United Athle 5942-01。6.2オンス プレミアム Tシャツ。","綿100%","XS,S,M,L,XL,XXL,XXXL","3","1","10","（仮）通常配送","1","0","","6094","アイビーグリーン","34","5018","","","","1","0","（仮）","5942-01","アイビーグリーン","0497","S","2900000036073","1870"
"13573","5942-01","5942-01 6.2オンス プレミアム Tシャツ","","United Athle 5942-01。6.2オンス プレミアム Tシャツ。","綿100%","XS,S,M,L,XL,XXL,XXXL","3","1","10","（仮）通常配送","1","0","","6258","サンドカーキ","35","5018","","","","1","0","（仮）","5942-01","サンドカーキ","0537","S","2900000036074","1870"
"13573","5942-01","5942-01 6.2オンス プレミアム Tシャツ","","United Athle 5942-01。6.2オンス プレミアム Tシャツ。","綿100%","XS,S,M,L,XL,XXL,XXXL","3","1","10","（仮）通常配送","1","0","","6264","ベビーピンク","36","5018","","","","1","0","（仮）","5942-01","ベビーピンク","0576","S","2900000036075","1870"
"13573","5942-01","5942-01 6.2オンス プレミアム Tシャツ","","United Athle 5942-01。6.2オンス プレミアム Tシャツ。","綿100%","XS,S,M,L,XL,XXL,XXXL","3","1","10","（仮）通常配送","1","0","","6301","フロストブルー","37","5018","","","","1","0","（仮）","5942-01","フロストブルー","0932","S","2900000036076","1870"
"13573","5942-01","5942-01 6.2オンス プレミアム Tシャツ","","United Athle 5942-01。6.2オンス プレミアム Tシャツ。","綿100%","XS,S,M,L,XL,XXL,XXXL","3","1","10","（仮）通常配送","1","0","","6269","ヘイジーブラック","38","5018","","","","1","0","（仮）","5942-01","ヘイジーブラック","0933","S","2900000036077","1870"
"13573","5942-01","5942-01 6.2オンス プレミアム Tシャツ","","United Athle 5942-01。6.2オンス プレミアム Tシャツ。","綿100%","XS,S,M,L,XL,XXL,XXXL","3","1","10","（仮）通常配送","1","0","","6270","ヘイジーネイビー","39","5018","","","","1","0","（仮）","5942-01","ヘイジーネイビー","0934","S","2900000036078","1870"
"13573","5942-01","5942-01 6.2オンス プレミアム Tシャツ","","United Athle 5942-01。6.2オンス プレミアム Tシャツ。","綿100%","XS,S,M,L,XL,XXL,XXXL","3","1","10","（仮）通常配送","1","0","","6052","ホワイト","1","5019","","","","1","0","（仮）","5942-01","ホワイト","0001","M","2900000036079","1760"
"13573","5942-01","5942-01 6.2オンス プレミアム Tシャツ","","United Athle 5942-01。6.2オンス プレミアム Tシャツ。","綿100%","XS,S,M,L,XL,XXL,XXXL","3","1","10","（仮）通常配送","1","0","","6060","ブラック","2","5019","","","","1","0","（仮）","5942-01","ブラック","0002","M","2900000036080","1870"
"13573","5942-01","5942-01 6.2オンス プレミアム Tシャツ","","United Athle 5942-01。6.2オンス プレミアム Tシャツ。","綿100%","XS,S,M,L,XL,XXL,XXXL","3","1","10","（仮）通常配送","1","0","","6054","アッシュ","3","5019","","","","1","0","（仮）","5942-01","アッシュ","0005","M","2900000036081","1870"
"13573","5942-01","5942-01 6.2オンス プレミアム Tシャツ","","United Athle 5942-01。6.2オンス プレミアム Tシャツ。","綿100%","XS,S,M,L,XL,XXL,XXXL","3","1","10","（仮）通常配送","1","0","","6241","ミックスグレー","4","5019","","","","1","0","（仮）","5942-01","ミックスグレー","0006","M","2900000036082","1870"
"13573","5942-01","5942-01 6.2オンス プレミアム Tシャツ","","United Athle 5942-01。6.2オンス プレミアム Tシャツ。","綿100%","XS,S,M,L,XL,XXL,XXXL","3","1","10","（仮）通常配送","1","0","","6058","チャコール","5","5019","","","","1","0","（仮）","5942-01","チャコール","0007","M","2900000036083","1870"
"13573","5942-01","5942-01 6.2オンス プレミアム Tシャツ","","United Athle 5942-01。6.2オンス プレミアム Tシャツ。","綿100%","XS,S,M,L,XL,XXL,XXXL","3","1","10","（仮）通常配送","1","0","","6055","オートミール","6","5019","","","","1","0","（仮）","5942-01","オートミール","0009","M","2900000036084","1870"
"13573","5942-01","5942-01 6.2オンス プレミアム Tシャツ","","United Athle 5942-01。6.2オンス プレミアム Tシャツ。","綿100%","XS,S,M,L,XL,XXL,XXXL","3","1","10","（仮）通常配送","1","0","","6053","アイボリー","7","5019","","","","1","0","（仮）","5942-01","アイボリー","0016","M","2900000036085","1870"
"13573","5942-01","5942-01 6.2オンス プレミアム Tシャツ","","United Athle 5942-01。6.2オンス プレミアム Tシャツ。","綿100%","XS,S,M,L,XL,XXL,XXXL","3","1","10","（仮）通常配送","1","0","","6063","ナチュラル","8","5019","","","","1","0","（仮）","5942-01","ナチュラル","0019","M","2900000036086","1870"
"13573","5942-01","5942-01 6.2オンス プレミアム Tシャツ","","United Athle 5942-01。6.2オンス プレミアム Tシャツ。","綿100%","XS,S,M,L,XL,XXL,XXXL","3","1","10","（仮）通常配送","1","0","","6065","イエロー","9","5019","","","","1","0","（仮）","5942-01","イエロー","0021","M","2900000036087","1870"
"13573","5942-01","5942-01 6.2オンス プレミアム Tシャツ","","United Athle 5942-01。6.2オンス プレミアム Tシャツ。","綿100%","XS,S,M,L,XL,XXL,XXXL","3","1","10","（仮）通常配送","1","0","","6243","ゴールド","10","5019","","","","1","0","（仮）","5942-01","ゴールド","0022","M","2900000036088","1870"
"13573","5942-01","5942-01 6.2オンス プレミアム Tシャツ","","United Athle 5942-01。6.2オンス プレミアム Tシャツ。","綿100%","XS,S,M,L,XL,XXL,XXXL","3","1","10","（仮）通常配送","1","0","","6093","グリーン","11","5019","","","","1","0","（仮）","5942-01","グリーン","0029","M","2900000036089","1870"
"13573","5942-01","5942-01 6.2オンス プレミアム Tシャツ","","United Athle 5942-01。6.2オンス プレミアム Tシャツ。","綿100%","XS,S,M,L,XL,XXL,XXXL","3","1","10","（仮）通常配送","1","0","","6245","シティグリーン","12","5019","","","","1","0","（仮）","5942-01","シティグリーン","0035","M","2900000036090","1870"
"13573","5942-01","5942-01 6.2オンス プレミアム Tシャツ","","United Athle 5942-01。6.2オンス プレミアム Tシャツ。","綿100%","XS,S,M,L,XL,XXL,XXXL","3","1","10","（仮）通常配送","1","0","","6295","ライムグリーン","13","5019","","","","1","0","（仮）","5942-01","ライムグリーン","0036","M","2900000036091","1870"
"13573","5942-01","5942-01 6.2オンス プレミアム Tシャツ","","United Athle 5942-01。6.2オンス プレミアム Tシャツ。","綿100%","XS,S,M,L,XL,XXL,XXXL","3","1","10","（仮）通常配送","1","0","","6078","ダークブラウン","14","5019","","","","1","0","（仮）","5942-01","ダークブラウン","0052","M","2900000036092","1870"
"13573","5942-01","5942-01 6.2オンス プレミアム Tシャツ","","United Athle 5942-01。6.2オンス プレミアム Tシャツ。","綿100%","XS,S,M,L,XL,XXL,XXXL","3","1","10","（仮）通常配送","1","0","","6289","モスグリーン","15","5019","","","","1","0","（仮）","5942-01","モスグリーン","0054","M","2900000036093","1870"
"13573","5942-01","5942-01 6.2オンス プレミアム Tシャツ","","United Athle 5942-01。6.2オンス プレミアム Tシャツ。","綿100%","XS,S,M,L,XL,XXL,XXXL","3","1","10","（仮）通常配送","1","0","","6067","オレンジ","16","5019","","","","1","0","（仮）","5942-01","オレンジ","0064","M","2900000036094","1870"
"13573","5942-01","5942-01 6.2オンス プレミアム Tシャツ","","United Athle 5942-01。6.2オンス プレミアム Tシャツ。","綿100%","XS,S,M,L,XL,XXL,XXXL","3","1","10","（仮）通常配送","1","0","","6073","ピンク","17","5019","","","","1","0","（仮）","5942-01","ピンク","0066","M","2900000036095","1870"
"13573","5942-01","5942-01 6.2オンス プレミアム Tシャツ","","United Athle 5942-01。6.2オンス プレミアム Tシャツ。","綿100%","XS,S,M,L,XL,XXL,XXXL","3","1","10","（仮）通常配送","1","0","","6068","レッド","18","5019","","","","1","0","（仮）","5942-01","レッド","0069","M","2900000036096","1870"
"13573","5942-01","5942-01 6.2オンス プレミアム Tシャツ","","United Athle 5942-01。6.2オンス プレミアム Tシャツ。","綿100%","XS,S,M,L,XL,XXL,XXXL","3","1","10","（仮）通常配送","1","0","","6075","バーガンディ","19","5019","","","","1","0","（仮）","5942-01","バーガンディ","0072","M","2900000036097","1870"
"13573","5942-01","5942-01 6.2オンス プレミアム Tシャツ","","United Athle 5942-01。6.2オンス プレミアム Tシャツ。","綿100%","XS,S,M,L,XL,XXL,XXXL","3","1","10","（仮）通常配送","1","0","","6296","マットパープル","20","5019","","","","1","0","（仮）","5942-01","マットパープル","0079","M","2900000036098","1870"
"13573","5942-01","5942-01 6.2オンス プレミアム Tシャツ","","United Athle 5942-01。6.2オンス プレミアム Tシャツ。","綿100%","XS,S,M,L,XL,XXL,XXXL","3","1","10","（仮）通常配送","1","0","","6248","サックス","21","5019","","","","1","0","（仮）","5942-01","サックス","0082","M","2900000036099","1870"
"13573","5942-01","5942-01 6.2オンス プレミアム Tシャツ","","United Athle 5942-01。6.2オンス プレミアム Tシャツ。","綿100%","XS,S,M,L,XL,XXL,XXXL","3","1","10","（仮）通常配送","1","0","","6083","ロイヤルブルー","22","5019","","","","1","0","（仮）","5942-01","ロイヤルブルー","0085","M","2900000036100","1870"
"13573","5942-01","5942-01 6.2オンス プレミアム Tシャツ","","United Athle 5942-01。6.2オンス プレミアム Tシャツ。","綿100%","XS,S,M,L,XL,XXL,XXXL","3","1","10","（仮）通常配送","1","0","","6087","ネイビー","23","5019","","","","1","0","（仮）","5942-01","ネイビー","0086","M","2900000036101","1870"
"13573","5942-01","5942-01 6.2オンス プレミアム Tシャツ","","United Athle 5942-01。6.2オンス プレミアム Tシャツ。","綿100%","XS,S,M,L,XL,XXL,XXXL","3","1","10","（仮）通常配送","1","0","","6085","インディゴ","24","5019","","","","1","0","（仮）","5942-01","インディゴ","0087","M","2900000036102","1870"
"13573","5942-01","5942-01 6.2オンス プレミアム Tシャツ","","United Athle 5942-01。6.2オンス プレミアム Tシャツ。","綿100%","XS,S,M,L,XL,XXL,XXXL","3","1","10","（仮）通常配送","1","0","","6250","スレート","25","5019","","","","1","0","（仮）","5942-01","スレート","0088","M","2900000036103","1870"
"13573","5942-01","5942-01 6.2オンス プレミアム Tシャツ","","United Athle 5942-01。6.2オンス プレミアム Tシャツ。","綿100%","XS,S,M,L,XL,XXL,XXXL","3","1","10","（仮）通常配送","1","0","","6251","スミ","26","5019","","","","1","0","（仮）","5942-01","スミ","0165","M","2900000036104","1870"
"13573","5942-01","5942-01 6.2オンス プレミアム Tシャツ","","United Athle 5942-01。6.2オンス プレミアム Tシャツ。","綿100%","XS,S,M,L,XL,XXL,XXXL","3","1","10","（仮）通常配送","1","0","","6253","バニラホワイト","27","5019","","","","1","0","（仮）","5942-01","バニラホワイト","0191","M","2900000036105","1870"
"13573","5942-01","5942-01 6.2オンス プレミアム Tシャツ","","United Athle 5942-01。6.2オンス プレミアム Tシャツ。","綿100%","XS,S,M,L,XL,XXL,XXXL","3","1","10","（仮）通常配送","1","0","","6297","セージグリーン","28","5019","","","","1","0","（仮）","5942-01","セージグリーン","0193","M","2900000036106","1870"
"13573","5942-01","5942-01 6.2オンス プレミアム Tシャツ","","United Athle 5942-01。6.2オンス プレミアム Tシャツ。","綿100%","XS,S,M,L,XL,XXL,XXXL","3","1","10","（仮）通常配送","1","0","","6298","スモーキーピンク","29","5019","","","","1","0","（仮）","5942-01","スモーキーピンク","0209","M","2900000036107","1870"
"13573","5942-01","5942-01 6.2オンス プレミアム Tシャツ","","United Athle 5942-01。6.2オンス プレミアム Tシャツ。","綿100%","XS,S,M,L,XL,XXL,XXXL","3","1","10","（仮）通常配送","1","0","","6255","バナナ","30","5019","","","","1","0","（仮）","5942-01","バナナ","0369","M","2900000036108","1870"
"13573","5942-01","5942-01 6.2オンス プレミアム Tシャツ","","United Athle 5942-01。6.2オンス プレミアム Tシャツ。","綿100%","XS,S,M,L,XL,XXL,XXXL","3","1","10","（仮）通常配送","1","0","","6299","フロストパープル","31","5019","","","","1","0","（仮）","5942-01","フロストパープル","0427","M","2900000036109","1870"
"13573","5942-01","5942-01 6.2オンス プレミアム Tシャツ","","United Athle 5942-01。6.2オンス プレミアム Tシャツ。","綿100%","XS,S,M,L,XL,XXL,XXXL","3","1","10","（仮）通常配送","1","0","","6300","スモーキーレッド","32","5019","","","","1","0","（仮）","5942-01","スモーキーレッド","0432","M","2900000036110","1870"
"13573","5942-01","5942-01 6.2オンス プレミアム Tシャツ","","United Athle 5942-01。6.2オンス プレミアム Tシャツ。","綿100%","XS,S,M,L,XL,XXL,XXXL","3","1","10","（仮）通常配送","1","0","","6079","ライトブルー","33","5019","","","","1","0","（仮）","5942-01","ライトブルー","0488","M","2900000036111","1870"
"13573","5942-01","5942-01 6.2オンス プレミアム Tシャツ","","United Athle 5942-01。6.2オンス プレミアム Tシャツ。","綿100%","XS,S,M,L,XL,XXL,XXXL","3","1","10","（仮）通常配送","1","0","","6094","アイビーグリーン","34","5019","","","","1","0","（仮）","5942-01","アイビーグリーン","0497","M","2900000036112","1870"
"13573","5942-01","5942-01 6.2オンス プレミアム Tシャツ","","United Athle 5942-01。6.2オンス プレミアム Tシャツ。","綿100%","XS,S,M,L,XL,XXL,XXXL","3","1","10","（仮）通常配送","1","0","","6258","サンドカーキ","35","5019","","","","1","0","（仮）","5942-01","サンドカーキ","0537","M","2900000036113","1870"
"13573","5942-01","5942-01 6.2オンス プレミアム Tシャツ","","United Athle 5942-01。6.2オンス プレミアム Tシャツ。","綿100%","XS,S,M,L,XL,XXL,XXXL","3","1","10","（仮）通常配送","1","0","","6264","ベビーピンク","36","5019","","","","1","0","（仮）","5942-01","ベビーピンク","0576","M","2900000036114","1870"
"13573","5942-01","5942-01 6.2オンス プレミアム Tシャツ","","United Athle 5942-01。6.2オンス プレミアム Tシャツ。","綿100%","XS,S,M,L,XL,XXL,XXXL","3","1","10","（仮）通常配送","1","0","","6301","フロストブルー","37","5019","","","","1","0","（仮）","5942-01","フロストブルー","0932","M","2900000036115","1870"
"13573","5942-01","5942-01 6.2オンス プレミアム Tシャツ","","United Athle 5942-01。6.2オンス プレミアム Tシャツ。","綿100%","XS,S,M,L,XL,XXL,XXXL","3","1","10","（仮）通常配送","1","0","","6269","ヘイジーブラック","38","5019","","","","1","0","（仮）","5942-01","ヘイジーブラック","0933","M","2900000036116","1870"
"13573","5942-01","5942-01 6.2オンス プレミアム Tシャツ","","United Athle 5942-01。6.2オンス プレミアム Tシャツ。","綿100%","XS,S,M,L,XL,XXL,XXXL","3","1","10","（仮）通常配送","1","0","","6270","ヘイジーネイビー","39","5019","","","","1","0","（仮）","5942-01","ヘイジーネイビー","0934","M","2900000036117","1870"
"13573","5942-01","5942-01 6.2オンス プレミアム Tシャツ","","United Athle 5942-01。6.2オンス プレミアム Tシャツ。","綿100%","XS,S,M,L,XL,XXL,XXXL","3","1","10","（仮）通常配送","1","0","","6052","ホワイト","1","5020","","","","1","0","（仮）","5942-01","ホワイト","0001","L","2900000036118","1760"
"13573","5942-01","5942-01 6.2オンス プレミアム Tシャツ","","United Athle 5942-01。6.2オンス プレミアム Tシャツ。","綿100%","XS,S,M,L,XL,XXL,XXXL","3","1","10","（仮）通常配送","1","0","","6060","ブラック","2","5020","","","","1","0","（仮）","5942-01","ブラック","0002","L","2900000036119","1870"
"13573","5942-01","5942-01 6.2オンス プレミアム Tシャツ","","United Athle 5942-01。6.2オンス プレミアム Tシャツ。","綿100%","XS,S,M,L,XL,XXL,XXXL","3","1","10","（仮）通常配送","1","0","","6054","アッシュ","3","5020","","","","1","0","（仮）","5942-01","アッシュ","0005","L","2900000036120","1870"
"13573","5942-01","5942-01 6.2オンス プレミアム Tシャツ","","United Athle 5942-01。6.2オンス プレミアム Tシャツ。","綿100%","XS,S,M,L,XL,XXL,XXXL","3","1","10","（仮）通常配送","1","0","","6241","ミックスグレー","4","5020","","","","1","0","（仮）","5942-01","ミックスグレー","0006","L","2900000036121","1870"
"13573","5942-01","5942-01 6.2オンス プレミアム Tシャツ","","United Athle 5942-01。6.2オンス プレミアム Tシャツ。","綿100%","XS,S,M,L,XL,XXL,XXXL","3","1","10","（仮）通常配送","1","0","","6058","チャコール","5","5020","","","","1","0","（仮）","5942-01","チャコール","0007","L","2900000036122","1870"
"13573","5942-01","5942-01 6.2オンス プレミアム Tシャツ","","United Athle 5942-01。6.2オンス プレミアム Tシャツ。","綿100%","XS,S,M,L,XL,XXL,XXXL","3","1","10","（仮）通常配送","1","0","","6055","オートミール","6","5020","","","","1","0","（仮）","5942-01","オートミール","0009","L","2900000036123","1870"
"13573","5942-01","5942-01 6.2オンス プレミアム Tシャツ","","United Athle 5942-01。6.2オンス プレミアム Tシャツ。","綿100%","XS,S,M,L,XL,XXL,XXXL","3","1","10","（仮）通常配送","1","0","","6053","アイボリー","7","5020","","","","1","0","（仮）","5942-01","アイボリー","0016","L","2900000036124","1870"
"13573","5942-01","5942-01 6.2オンス プレミアム Tシャツ","","United Athle 5942-01。6.2オンス プレミアム Tシャツ。","綿100%","XS,S,M,L,XL,XXL,XXXL","3","1","10","（仮）通常配送","1","0","","6063","ナチュラル","8","5020","","","","1","0","（仮）","5942-01","ナチュラル","0019","L","2900000036125","1870"
"13573","5942-01","5942-01 6.2オンス プレミアム Tシャツ","","United Athle 5942-01。6.2オンス プレミアム Tシャツ。","綿100%","XS,S,M,L,XL,XXL,XXXL","3","1","10","（仮）通常配送","1","0","","6065","イエロー","9","5020","","","","1","0","（仮）","5942-01","イエロー","0021","L","2900000036126","1870"
"13573","5942-01","5942-01 6.2オンス プレミアム Tシャツ","","United Athle 5942-01。6.2オンス プレミアム Tシャツ。","綿100%","XS,S,M,L,XL,XXL,XXXL","3","1","10","（仮）通常配送","1","0","","6243","ゴールド","10","5020","","","","1","0","（仮）","5942-01","ゴールド","0022","L","2900000036127","1870"
"13573","5942-01","5942-01 6.2オンス プレミアム Tシャツ","","United Athle 5942-01。6.2オンス プレミアム Tシャツ。","綿100%","XS,S,M,L,XL,XXL,XXXL","3","1","10","（仮）通常配送","1","0","","6093","グリーン","11","5020","","","","1","0","（仮）","5942-01","グリーン","0029","L","2900000036128","1870"
"13573","5942-01","5942-01 6.2オンス プレミアム Tシャツ","","United Athle 5942-01。6.2オンス プレミアム Tシャツ。","綿100%","XS,S,M,L,XL,XXL,XXXL","3","1","10","（仮）通常配送","1","0","","6245","シティグリーン","12","5020","","","","1","0","（仮）","5942-01","シティグリーン","0035","L","2900000036129","1870"
"13573","5942-01","5942-01 6.2オンス プレミアム Tシャツ","","United Athle 5942-01。6.2オンス プレミアム Tシャツ。","綿100%","XS,S,M,L,XL,XXL,XXXL","3","1","10","（仮）通常配送","1","0","","6295","ライムグリーン","13","5020","","","","1","0","（仮）","5942-01","ライムグリーン","0036","L","2900000036130","1870"
"13573","5942-01","5942-01 6.2オンス プレミアム Tシャツ","","United Athle 5942-01。6.2オンス プレミアム Tシャツ。","綿100%","XS,S,M,L,XL,XXL,XXXL","3","1","10","（仮）通常配送","1","0","","6078","ダークブラウン","14","5020","","","","1","0","（仮）","5942-01","ダークブラウン","0052","L","2900000036131","1870"
"13573","5942-01","5942-01 6.2オンス プレミアム Tシャツ","","United Athle 5942-01。6.2オンス プレミアム Tシャツ。","綿100%","XS,S,M,L,XL,XXL,XXXL","3","1","10","（仮）通常配送","1","0","","6289","モスグリーン","15","5020","","","","1","0","（仮）","5942-01","モスグリーン","0054","L","2900000036132","1870"
"13573","5942-01","5942-01 6.2オンス プレミアム Tシャツ","","United Athle 5942-01。6.2オンス プレミアム Tシャツ。","綿100%","XS,S,M,L,XL,XXL,XXXL","3","1","10","（仮）通常配送","1","0","","6067","オレンジ","16","5020","","","","1","0","（仮）","5942-01","オレンジ","0064","L","2900000036133","1870"
"13573","5942-01","5942-01 6.2オンス プレミアム Tシャツ","","United Athle 5942-01。6.2オンス プレミアム Tシャツ。","綿100%","XS,S,M,L,XL,XXL,XXXL","3","1","10","（仮）通常配送","1","0","","6073","ピンク","17","5020","","","","1","0","（仮）","5942-01","ピンク","0066","L","2900000036134","1870"
"13573","5942-01","5942-01 6.2オンス プレミアム Tシャツ","","United Athle 5942-01。6.2オンス プレミアム Tシャツ。","綿100%","XS,S,M,L,XL,XXL,XXXL","3","1","10","（仮）通常配送","1","0","","6068","レッド","18","5020","","","","1","0","（仮）","5942-01","レッド","0069","L","2900000036135","1870"
"13573","5942-01","5942-01 6.2オンス プレミアム Tシャツ","","United Athle 5942-01。6.2オンス プレミアム Tシャツ。","綿100%","XS,S,M,L,XL,XXL,XXXL","3","1","10","（仮）通常配送","1","0","","6075","バーガンディ","19","5020","","","","1","0","（仮）","5942-01","バーガンディ","0072","L","2900000036136","1870"
"13573","5942-01","5942-01 6.2オンス プレミアム Tシャツ","","United Athle 5942-01。6.2オンス プレミアム Tシャツ。","綿100%","XS,S,M,L,XL,XXL,XXXL","3","1","10","（仮）通常配送","1","0","","6296","マットパープル","20","5020","","","","1","0","（仮）","5942-01","マットパープル","0079","L","2900000036137","1870"
"13573","5942-01","5942-01 6.2オンス プレミアム Tシャツ","","United Athle 5942-01。6.2オンス プレミアム Tシャツ。","綿100%","XS,S,M,L,XL,XXL,XXXL","3","1","10","（仮）通常配送","1","0","","6248","サックス","21","5020","","","","1","0","（仮）","5942-01","サックス","0082","L","2900000036138","1870"
"13573","5942-01","5942-01 6.2オンス プレミアム Tシャツ","","United Athle 5942-01。6.2オンス プレミアム Tシャツ。","綿100%","XS,S,M,L,XL,XXL,XXXL","3","1","10","（仮）通常配送","1","0","","6083","ロイヤルブルー","22","5020","","","","1","0","（仮）","5942-01","ロイヤルブルー","0085","L","2900000036139","1870"
"13573","5942-01","5942-01 6.2オンス プレミアム Tシャツ","","United Athle 5942-01。6.2オンス プレミアム Tシャツ。","綿100%","XS,S,M,L,XL,XXL,XXXL","3","1","10","（仮）通常配送","1","0","","6087","ネイビー","23","5020","","","","1","0","（仮）","5942-01","ネイビー","0086","L","2900000036140","1870"
"13573","5942-01","5942-01 6.2オンス プレミアム Tシャツ","","United Athle 5942-01。6.2オンス プレミアム Tシャツ。","綿100%","XS,S,M,L,XL,XXL,XXXL","3","1","10","（仮）通常配送","1","0","","6085","インディゴ","24","5020","","","","1","0","（仮）","5942-01","インディゴ","0087","L","2900000036141","1870"
"13573","5942-01","5942-01 6.2オンス プレミアム Tシャツ","","United Athle 5942-01。6.2オンス プレミアム Tシャツ。","綿100%","XS,S,M,L,XL,XXL,XXXL","3","1","10","（仮）通常配送","1","0","","6250","スレート","25","5020","","","","1","0","（仮）","5942-01","スレート","0088","L","2900000036142","1870"
"13573","5942-01","5942-01 6.2オンス プレミアム Tシャツ","","United Athle 5942-01。6.2オンス プレミアム Tシャツ。","綿100%","XS,S,M,L,XL,XXL,XXXL","3","1","10","（仮）通常配送","1","0","","6251","スミ","26","5020","","","","1","0","（仮）","5942-01","スミ","0165","L","2900000036143","1870"
"13573","5942-01","5942-01 6.2オンス プレミアム Tシャツ","","United Athle 5942-01。6.2オンス プレミアム Tシャツ。","綿100%","XS,S,M,L,XL,XXL,XXXL","3","1","10","（仮）通常配送","1","0","","6253","バニラホワイト","27","5020","","","","1","0","（仮）","5942-01","バニラホワイト","0191","L","2900000036144","1870"
"13573","5942-01","5942-01 6.2オンス プレミアム Tシャツ","","United Athle 5942-01。6.2オンス プレミアム Tシャツ。","綿100%","XS,S,M,L,XL,XXL,XXXL","3","1","10","（仮）通常配送","1","0","","6297","セージグリーン","28","5020","","","","1","0","（仮）","5942-01","セージグリーン","0193","L","2900000036145","1870"
"13573","5942-01","5942-01 6.2オンス プレミアム Tシャツ","","United Athle 5942-01。6.2オンス プレミアム Tシャツ。","綿100%","XS,S,M,L,XL,XXL,XXXL","3","1","10","（仮）通常配送","1","0","","6298","スモーキーピンク","29","5020","","","","1","0","（仮）","5942-01","スモーキーピンク","0209","L","2900000036146","1870"
"13573","5942-01","5942-01 6.2オンス プレミアム Tシャツ","","United Athle 5942-01。6.2オンス プレミアム Tシャツ。","綿100%","XS,S,M,L,XL,XXL,XXXL","3","1","10","（仮）通常配送","1","0","","6255","バナナ","30","5020","","","","1","0","（仮）","5942-01","バナナ","0369","L","2900000036147","1870"
"13573","5942-01","5942-01 6.2オンス プレミアム Tシャツ","","United Athle 5942-01。6.2オンス プレミアム Tシャツ。","綿100%","XS,S,M,L,XL,XXL,XXXL","3","1","10","（仮）通常配送","1","0","","6299","フロストパープル","31","5020","","","","1","0","（仮）","5942-01","フロストパープル","0427","L","2900000036148","1870"
"13573","5942-01","5942-01 6.2オンス プレミアム Tシャツ","","United Athle 5942-01。6.2オンス プレミアム Tシャツ。","綿100%","XS,S,M,L,XL,XXL,XXXL","3","1","10","（仮）通常配送","1","0","","6300","スモーキーレッド","32","5020","","","","1","0","（仮）","5942-01","スモーキーレッド","0432","L","2900000036149","1870"
"13573","5942-01","5942-01 6.2オンス プレミアム Tシャツ","","United Athle 5942-01。6.2オンス プレミアム Tシャツ。","綿100%","XS,S,M,L,XL,XXL,XXXL","3","1","10","（仮）通常配送","1","0","","6079","ライトブルー","33","5020","","","","1","0","（仮）","5942-01","ライトブルー","0488","L","2900000036150","1870"
"13573","5942-01","5942-01 6.2オンス プレミアム Tシャツ","","United Athle 5942-01。6.2オンス プレミアム Tシャツ。","綿100%","XS,S,M,L,XL,XXL,XXXL","3","1","10","（仮）通常配送","1","0","","6094","アイビーグリーン","34","5020","","","","1","0","（仮）","5942-01","アイビーグリーン","0497","L","2900000036151","1870"
"13573","5942-01","5942-01 6.2オンス プレミアム Tシャツ","","United Athle 5942-01。6.2オンス プレミアム Tシャツ。","綿100%","XS,S,M,L,XL,XXL,XXXL","3","1","10","（仮）通常配送","1","0","","6258","サンドカーキ","35","5020","","","","1","0","（仮）","5942-01","サンドカーキ","0537","L","2900000036152","1870"
"13573","5942-01","5942-01 6.2オンス プレミアム Tシャツ","","United Athle 5942-01。6.2オンス プレミアム Tシャツ。","綿100%","XS,S,M,L,XL,XXL,XXXL","3","1","10","（仮）通常配送","1","0","","6264","ベビーピンク","36","5020","","","","1","0","（仮）","5942-01","ベビーピンク","0576","L","2900000036153","1870"
"13573","5942-01","5942-01 6.2オンス プレミアム Tシャツ","","United Athle 5942-01。6.2オンス プレミアム Tシャツ。","綿100%","XS,S,M,L,XL,XXL,XXXL","3","1","10","（仮）通常配送","1","0","","6301","フロストブルー","37","5020","","","","1","0","（仮）","5942-01","フロストブルー","0932","L","2900000036154","1870"
"13573","5942-01","5942-01 6.2オンス プレミアム Tシャツ","","United Athle 5942-01。6.2オンス プレミアム Tシャツ。","綿100%","XS,S,M,L,XL,XXL,XXXL","3","1","10","（仮）通常配送","1","0","","6269","ヘイジーブラック","38","5020","","","","1","0","（仮）","5942-01","ヘイジーブラック","0933","L","2900000036155","1870"
"13573","5942-01","5942-01 6.2オンス プレミアム Tシャツ","","United Athle 5942-01。6.2オンス プレミアム Tシャツ。","綿100%","XS,S,M,L,XL,XXL,XXXL","3","1","10","（仮）通常配送","1","0","","6270","ヘイジーネイビー","39","5020","","","","1","0","（仮）","5942-01","ヘイジーネイビー","0934","L","2900000036156","1870"
"13573","5942-01","5942-01 6.2オンス プレミアム Tシャツ","","United Athle 5942-01。6.2オンス プレミアム Tシャツ。","綿100%","XS,S,M,L,XL,XXL,XXXL","3","1","10","（仮）通常配送","1","0","","6052","ホワイト","1","6047","","","","1","0","（仮）","5942-01","ホワイト","0001","XL","2900000036157","1760"
"13573","5942-01","5942-01 6.2オンス プレミアム Tシャツ","","United Athle 5942-01。6.2オンス プレミアム Tシャツ。","綿100%","XS,S,M,L,XL,XXL,XXXL","3","1","10","（仮）通常配送","1","0","","6060","ブラック","2","6047","","","","1","0","（仮）","5942-01","ブラック","0002","XL","2900000036158","1870"
"13573","5942-01","5942-01 6.2オンス プレミアム Tシャツ","","United Athle 5942-01。6.2オンス プレミアム Tシャツ。","綿100%","XS,S,M,L,XL,XXL,XXXL","3","1","10","（仮）通常配送","1","0","","6054","アッシュ","3","6047","","","","1","0","（仮）","5942-01","アッシュ","0005","XL","2900000036159","1870"
"13573","5942-01","5942-01 6.2オンス プレミアム Tシャツ","","United Athle 5942-01。6.2オンス プレミアム Tシャツ。","綿100%","XS,S,M,L,XL,XXL,XXXL","3","1","10","（仮）通常配送","1","0","","6241","ミックスグレー","4","6047","","","","1","0","（仮）","5942-01","ミックスグレー","0006","XL","2900000036160","1870"
"13573","5942-01","5942-01 6.2オンス プレミアム Tシャツ","","United Athle 5942-01。6.2オンス プレミアム Tシャツ。","綿100%","XS,S,M,L,XL,XXL,XXXL","3","1","10","（仮）通常配送","1","0","","6058","チャコール","5","6047","","","","1","0","（仮）","5942-01","チャコール","0007","XL","2900000036161","1870"
"13573","5942-01","5942-01 6.2オンス プレミアム Tシャツ","","United Athle 5942-01。6.2オンス プレミアム Tシャツ。","綿100%","XS,S,M,L,XL,XXL,XXXL","3","1","10","（仮）通常配送","1","0","","6055","オートミール","6","6047","","","","1","0","（仮）","5942-01","オートミール","0009","XL","2900000036162","1870"
"13573","5942-01","5942-01 6.2オンス プレミアム Tシャツ","","United Athle 5942-01。6.2オンス プレミアム Tシャツ。","綿100%","XS,S,M,L,XL,XXL,XXXL","3","1","10","（仮）通常配送","1","0","","6053","アイボリー","7","6047","","","","1","0","（仮）","5942-01","アイボリー","0016","XL","2900000036163","1870"
"13573","5942-01","5942-01 6.2オンス プレミアム Tシャツ","","United Athle 5942-01。6.2オンス プレミアム Tシャツ。","綿100%","XS,S,M,L,XL,XXL,XXXL","3","1","10","（仮）通常配送","1","0","","6063","ナチュラル","8","6047","","","","1","0","（仮）","5942-01","ナチュラル","0019","XL","2900000036164","1870"
"13573","5942-01","5942-01 6.2オンス プレミアム Tシャツ","","United Athle 5942-01。6.2オンス プレミアム Tシャツ。","綿100%","XS,S,M,L,XL,XXL,XXXL","3","1","10","（仮）通常配送","1","0","","6065","イエロー","9","6047","","","","1","0","（仮）","5942-01","イエロー","0021","XL","2900000036165","1870"
"13573","5942-01","5942-01 6.2オンス プレミアム Tシャツ","","United Athle 5942-01。6.2オンス プレミアム Tシャツ。","綿100%","XS,S,M,L,XL,XXL,XXXL","3","1","10","（仮）通常配送","1","0","","6243","ゴールド","10","6047","","","","1","0","（仮）","5942-01","ゴールド","0022","XL","2900000036166","1870"
"13573","5942-01","5942-01 6.2オンス プレミアム Tシャツ","","United Athle 5942-01。6.2オンス プレミアム Tシャツ。","綿100%","XS,S,M,L,XL,XXL,XXXL","3","1","10","（仮）通常配送","1","0","","6093","グリーン","11","6047","","","","1","0","（仮）","5942-01","グリーン","0029","XL","2900000036167","1870"
"13573","5942-01","5942-01 6.2オンス プレミアム Tシャツ","","United Athle 5942-01。6.2オンス プレミアム Tシャツ。","綿100%","XS,S,M,L,XL,XXL,XXXL","3","1","10","（仮）通常配送","1","0","","6245","シティグリーン","12","6047","","","","1","0","（仮）","5942-01","シティグリーン","0035","XL","2900000036168","1870"
"13573","5942-01","5942-01 6.2オンス プレミアム Tシャツ","","United Athle 5942-01。6.2オンス プレミアム Tシャツ。","綿100%","XS,S,M,L,XL,XXL,XXXL","3","1","10","（仮）通常配送","1","0","","6295","ライムグリーン","13","6047","","","","1","0","（仮）","5942-01","ライムグリーン","0036","XL","2900000036169","1870"
"13573","5942-01","5942-01 6.2オンス プレミアム Tシャツ","","United Athle 5942-01。6.2オンス プレミアム Tシャツ。","綿100%","XS,S,M,L,XL,XXL,XXXL","3","1","10","（仮）通常配送","1","0","","6078","ダークブラウン","14","6047","","","","1","0","（仮）","5942-01","ダークブラウン","0052","XL","2900000036170","1870"
"13573","5942-01","5942-01 6.2オンス プレミアム Tシャツ","","United Athle 5942-01。6.2オンス プレミアム Tシャツ。","綿100%","XS,S,M,L,XL,XXL,XXXL","3","1","10","（仮）通常配送","1","0","","6289","モスグリーン","15","6047","","","","1","0","（仮）","5942-01","モスグリーン","0054","XL","2900000036171","1870"
"13573","5942-01","5942-01 6.2オンス プレミアム Tシャツ","","United Athle 5942-01。6.2オンス プレミアム Tシャツ。","綿100%","XS,S,M,L,XL,XXL,XXXL","3","1","10","（仮）通常配送","1","0","","6067","オレンジ","16","6047","","","","1","0","（仮）","5942-01","オレンジ","0064","XL","2900000036172","1870"
"13573","5942-01","5942-01 6.2オンス プレミアム Tシャツ","","United Athle 5942-01。6.2オンス プレミアム Tシャツ。","綿100%","XS,S,M,L,XL,XXL,XXXL","3","1","10","（仮）通常配送","1","0","","6073","ピンク","17","6047","","","","1","0","（仮）","5942-01","ピンク","0066","XL","2900000036173","1870"
"13573","5942-01","5942-01 6.2オンス プレミアム Tシャツ","","United Athle 5942-01。6.2オンス プレミアム Tシャツ。","綿100%","XS,S,M,L,XL,XXL,XXXL","3","1","10","（仮）通常配送","1","0","","6068","レッド","18","6047","","","","1","0","（仮）","5942-01","レッド","0069","XL","2900000036174","1870"
"13573","5942-01","5942-01 6.2オンス プレミアム Tシャツ","","United Athle 5942-01。6.2オンス プレミアム Tシャツ。","綿100%","XS,S,M,L,XL,XXL,XXXL","3","1","10","（仮）通常配送","1","0","","6075","バーガンディ","19","6047","","","","1","0","（仮）","5942-01","バーガンディ","0072","XL","2900000036175","1870"
"13573","5942-01","5942-01 6.2オンス プレミアム Tシャツ","","United Athle 5942-01。6.2オンス プレミアム Tシャツ。","綿100%","XS,S,M,L,XL,XXL,XXXL","3","1","10","（仮）通常配送","1","0","","6296","マットパープル","20","6047","","","","1","0","（仮）","5942-01","マットパープル","0079","XL","2900000036176","1870"
"13573","5942-01","5942-01 6.2オンス プレミアム Tシャツ","","United Athle 5942-01。6.2オンス プレミアム Tシャツ。","綿100%","XS,S,M,L,XL,XXL,XXXL","3","1","10","（仮）通常配送","1","0","","6248","サックス","21","6047","","","","1","0","（仮）","5942-01","サックス","0082","XL","2900000036177","1870"
"13573","5942-01","5942-01 6.2オンス プレミアム Tシャツ","","United Athle 5942-01。6.2オンス プレミアム Tシャツ。","綿100%","XS,S,M,L,XL,XXL,XXXL","3","1","10","（仮）通常配送","1","0","","6083","ロイヤルブルー","22","6047","","","","1","0","（仮）","5942-01","ロイヤルブルー","0085","XL","2900000036178","1870"
"13573","5942-01","5942-01 6.2オンス プレミアム Tシャツ","","United Athle 5942-01。6.2オンス プレミアム Tシャツ。","綿100%","XS,S,M,L,XL,XXL,XXXL","3","1","10","（仮）通常配送","1","0","","6087","ネイビー","23","6047","","","","1","0","（仮）","5942-01","ネイビー","0086","XL","2900000036179","1870"
"13573","5942-01","5942-01 6.2オンス プレミアム Tシャツ","","United Athle 5942-01。6.2オンス プレミアム Tシャツ。","綿100%","XS,S,M,L,XL,XXL,XXXL","3","1","10","（仮）通常配送","1","0","","6085","インディゴ","24","6047","","","","1","0","（仮）","5942-01","インディゴ","0087","XL","2900000036180","1870"
"13573","5942-01","5942-01 6.2オンス プレミアム Tシャツ","","United Athle 5942-01。6.2オンス プレミアム Tシャツ。","綿100%","XS,S,M,L,XL,XXL,XXXL","3","1","10","（仮）通常配送","1","0","","6250","スレート","25","6047","","","","1","0","（仮）","5942-01","スレート","0088","XL","2900000036181","1870"
"13573","5942-01","5942-01 6.2オンス プレミアム Tシャツ","","United Athle 5942-01。6.2オンス プレミアム Tシャツ。","綿100%","XS,S,M,L,XL,XXL,XXXL","3","1","10","（仮）通常配送","1","0","","6251","スミ","26","6047","","","","1","0","（仮）","5942-01","スミ","0165","XL","2900000036182","1870"
"13573","5942-01","5942-01 6.2オンス プレミアム Tシャツ","","United Athle 5942-01。6.2オンス プレミアム Tシャツ。","綿100%","XS,S,M,L,XL,XXL,XXXL","3","1","10","（仮）通常配送","1","0","","6253","バニラホワイト","27","6047","","","","1","0","（仮）","5942-01","バニラホワイト","0191","XL","2900000036183","1870"
"13573","5942-01","5942-01 6.2オンス プレミアム Tシャツ","","United Athle 5942-01。6.2オンス プレミアム Tシャツ。","綿100%","XS,S,M,L,XL,XXL,XXXL","3","1","10","（仮）通常配送","1","0","","6297","セージグリーン","28","6047","","","","1","0","（仮）","5942-01","セージグリーン","0193","XL","2900000036184","1870"
"13573","5942-01","5942-01 6.2オンス プレミアム Tシャツ","","United Athle 5942-01。6.2オンス プレミアム Tシャツ。","綿100%","XS,S,M,L,XL,XXL,XXXL","3","1","10","（仮）通常配送","1","0","","6298","スモーキーピンク","29","6047","","","","1","0","（仮）","5942-01","スモーキーピンク","0209","XL","2900000036185","1870"
"13573","5942-01","5942-01 6.2オンス プレミアム Tシャツ","","United Athle 5942-01。6.2オンス プレミアム Tシャツ。","綿100%","XS,S,M,L,XL,XXL,XXXL","3","1","10","（仮）通常配送","1","0","","6255","バナナ","30","6047","","","","1","0","（仮）","5942-01","バナナ","0369","XL","2900000036186","1870"
"13573","5942-01","5942-01 6.2オンス プレミアム Tシャツ","","United Athle 5942-01。6.2オンス プレミアム Tシャツ。","綿100%","XS,S,M,L,XL,XXL,XXXL","3","1","10","（仮）通常配送","1","0","","6299","フロストパープル","31","6047","","","","1","0","（仮）","5942-01","フロストパープル","0427","XL","2900000036187","1870"
"13573","5942-01","5942-01 6.2オンス プレミアム Tシャツ","","United Athle 5942-01。6.2オンス プレミアム Tシャツ。","綿100%","XS,S,M,L,XL,XXL,XXXL","3","1","10","（仮）通常配送","1","0","","6300","スモーキーレッド","32","6047","","","","1","0","（仮）","5942-01","スモーキーレッド","0432","XL","2900000036188","1870"
"13573","5942-01","5942-01 6.2オンス プレミアム Tシャツ","","United Athle 5942-01。6.2オンス プレミアム Tシャツ。","綿100%","XS,S,M,L,XL,XXL,XXXL","3","1","10","（仮）通常配送","1","0","","6079","ライトブルー","33","6047","","","","1","0","（仮）","5942-01","ライトブルー","0488","XL","2900000036189","1870"
"13573","5942-01","5942-01 6.2オンス プレミアム Tシャツ","","United Athle 5942-01。6.2オンス プレミアム Tシャツ。","綿100%","XS,S,M,L,XL,XXL,XXXL","3","1","10","（仮）通常配送","1","0","","6094","アイビーグリーン","34","6047","","","","1","0","（仮）","5942-01","アイビーグリーン","0497","XL","2900000036190","1870"
"13573","5942-01","5942-01 6.2オンス プレミアム Tシャツ","","United Athle 5942-01。6.2オンス プレミアム Tシャツ。","綿100%","XS,S,M,L,XL,XXL,XXXL","3","1","10","（仮）通常配送","1","0","","6258","サンドカーキ","35","6047","","","","1","0","（仮）","5942-01","サンドカーキ","0537","XL","2900000036191","1870"
"13573","5942-01","5942-01 6.2オンス プレミアム Tシャツ","","United Athle 5942-01。6.2オンス プレミアム Tシャツ。","綿100%","XS,S,M,L,XL,XXL,XXXL","3","1","10","（仮）通常配送","1","0","","6264","ベビーピンク","36","6047","","","","1","0","（仮）","5942-01","ベビーピンク","0576","XL","2900000036192","1870"
"13573","5942-01","5942-01 6.2オンス プレミアム Tシャツ","","United Athle 5942-01。6.2オンス プレミアム Tシャツ。","綿100%","XS,S,M,L,XL,XXL,XXXL","3","1","10","（仮）通常配送","1","0","","6301","フロストブルー","37","6047","","","","1","0","（仮）","5942-01","フロストブルー","0932","XL","2900000036193","1870"
"13573","5942-01","5942-01 6.2オンス プレミアム Tシャツ","","United Athle 5942-01。6.2オンス プレミアム Tシャツ。","綿100%","XS,S,M,L,XL,XXL,XXXL","3","1","10","（仮）通常配送","1","0","","6269","ヘイジーブラック","38","6047","","","","1","0","（仮）","5942-01","ヘイジーブラック","0933","XL","2900000036194","1870"
"13573","5942-01","5942-01 6.2オンス プレミアム Tシャツ","","United Athle 5942-01。6.2オンス プレミアム Tシャツ。","綿100%","XS,S,M,L,XL,XXL,XXXL","3","1","10","（仮）通常配送","1","0","","6270","ヘイジーネイビー","39","6047","","","","1","0","（仮）","5942-01","ヘイジーネイビー","0934","XL","2900000036195","1870"
"13573","5942-01","5942-01 6.2オンス プレミアム Tシャツ","","United Athle 5942-01。6.2オンス プレミアム Tシャツ。","綿100%","XS,S,M,L,XL,XXL,XXXL","3","1","10","（仮）通常配送","1","0","","6052","ホワイト","1","6048","","","","1","0","（仮）","5942-01","ホワイト","0001","XXL","2900000036196","2240"
"13573","5942-01","5942-01 6.2オンス プレミアム Tシャツ","","United Athle 5942-01。6.2オンス プレミアム Tシャツ。","綿100%","XS,S,M,L,XL,XXL,XXXL","3","1","10","（仮）通常配送","1","0","","6060","ブラック","2","6048","","","","1","0","（仮）","5942-01","ブラック","0002","XXL","2900000036197","2460"
"13573","5942-01","5942-01 6.2オンス プレミアム Tシャツ","","United Athle 5942-01。6.2オンス プレミアム Tシャツ。","綿100%","XS,S,M,L,XL,XXL,XXXL","3","1","10","（仮）通常配送","1","0","","6054","アッシュ","3","6048","","","","1","0","（仮）","5942-01","アッシュ","0005","XXL","2900000036198","2460"
"13573","5942-01","5942-01 6.2オンス プレミアム Tシャツ","","United Athle 5942-01。6.2オンス プレミアム Tシャツ。","綿100%","XS,S,M,L,XL,XXL,XXXL","3","1","10","（仮）通常配送","1","0","","6241","ミックスグレー","4","6048","","","","1","0","（仮）","5942-01","ミックスグレー","0006","XXL","2900000036199","2460"
"13573","5942-01","5942-01 6.2オンス プレミアム Tシャツ","","United Athle 5942-01。6.2オンス プレミアム Tシャツ。","綿100%","XS,S,M,L,XL,XXL,XXXL","3","1","10","（仮）通常配送","1","0","","6058","チャコール","5","6048","","","","1","0","（仮）","5942-01","チャコール","0007","XXL","2900000036200","2460"
"13573","5942-01","5942-01 6.2オンス プレミアム Tシャツ","","United Athle 5942-01。6.2オンス プレミアム Tシャツ。","綿100%","XS,S,M,L,XL,XXL,XXXL","3","1","10","（仮）通常配送","1","0","","6055","オートミール","6","6048","","","","1","0","（仮）","5942-01","オートミール","0009","XXL","2900000036201","2460"
"13573","5942-01","5942-01 6.2オンス プレミアム Tシャツ","","United Athle 5942-01。6.2オンス プレミアム Tシャツ。","綿100%","XS,S,M,L,XL,XXL,XXXL","3","1","10","（仮）通常配送","1","0","","6053","アイボリー","7","6048","","","","1","0","（仮）","5942-01","アイボリー","0016","XXL","2900000036202","2460"
"13573","5942-01","5942-01 6.2オンス プレミアム Tシャツ","","United Athle 5942-01。6.2オンス プレミアム Tシャツ。","綿100%","XS,S,M,L,XL,XXL,XXXL","3","1","10","（仮）通常配送","1","0","","6063","ナチュラル","8","6048","","","","1","0","（仮）","5942-01","ナチュラル","0019","XXL","2900000036203","2460"
"13573","5942-01","5942-01 6.2オンス プレミアム Tシャツ","","United Athle 5942-01。6.2オンス プレミアム Tシャツ。","綿100%","XS,S,M,L,XL,XXL,XXXL","3","1","10","（仮）通常配送","1","0","","6065","イエロー","9","6048","","","","1","0","（仮）","5942-01","イエロー","0021","XXL","2900000036204","2460"
"13573","5942-01","5942-01 6.2オンス プレミアム Tシャツ","","United Athle 5942-01。6.2オンス プレミアム Tシャツ。","綿100%","XS,S,M,L,XL,XXL,XXXL","3","1","10","（仮）通常配送","1","0","","6243","ゴールド","10","6048","","","","1","0","（仮）","5942-01","ゴールド","0022","XXL","2900000036205","2460"
"13573","5942-01","5942-01 6.2オンス プレミアム Tシャツ","","United Athle 5942-01。6.2オンス プレミアム Tシャツ。","綿100%","XS,S,M,L,XL,XXL,XXXL","3","1","10","（仮）通常配送","1","0","","6093","グリーン","11","6048","","","","1","0","（仮）","5942-01","グリーン","0029","XXL","2900000036206","2460"
"13573","5942-01","5942-01 6.2オンス プレミアム Tシャツ","","United Athle 5942-01。6.2オンス プレミアム Tシャツ。","綿100%","XS,S,M,L,XL,XXL,XXXL","3","1","10","（仮）通常配送","1","0","","6245","シティグリーン","12","6048","","","","1","0","（仮）","5942-01","シティグリーン","0035","XXL","2900000036207","2460"
"13573","5942-01","5942-01 6.2オンス プレミアム Tシャツ","","United Athle 5942-01。6.2オンス プレミアム Tシャツ。","綿100%","XS,S,M,L,XL,XXL,XXXL","3","1","10","（仮）通常配送","1","0","","6295","ライムグリーン","13","6048","","","","1","0","（仮）","5942-01","ライムグリーン","0036","XXL","2900000036208","2460"
"13573","5942-01","5942-01 6.2オンス プレミアム Tシャツ","","United Athle 5942-01。6.2オンス プレミアム Tシャツ。","綿100%","XS,S,M,L,XL,XXL,XXXL","3","1","10","（仮）通常配送","1","0","","6078","ダークブラウン","14","6048","","","","1","0","（仮）","5942-01","ダークブラウン","0052","XXL","2900000036209","2460"
"13573","5942-01","5942-01 6.2オンス プレミアム Tシャツ","","United Athle 5942-01。6.2オンス プレミアム Tシャツ。","綿100%","XS,S,M,L,XL,XXL,XXXL","3","1","10","（仮）通常配送","1","0","","6289","モスグリーン","15","6048","","","","1","0","（仮）","5942-01","モスグリーン","0054","XXL","2900000036210","2460"
"13573","5942-01","5942-01 6.2オンス プレミアム Tシャツ","","United Athle 5942-01。6.2オンス プレミアム Tシャツ。","綿100%","XS,S,M,L,XL,XXL,XXXL","3","1","10","（仮）通常配送","1","0","","6067","オレンジ","16","6048","","","","1","0","（仮）","5942-01","オレンジ","0064","XXL","2900000036211","2460"
"13573","5942-01","5942-01 6.2オンス プレミアム Tシャツ","","United Athle 5942-01。6.2オンス プレミアム Tシャツ。","綿100%","XS,S,M,L,XL,XXL,XXXL","3","1","10","（仮）通常配送","1","0","","6073","ピンク","17","6048","","","","1","0","（仮）","5942-01","ピンク","0066","XXL","2900000036212","2460"
"13573","5942-01","5942-01 6.2オンス プレミアム Tシャツ","","United Athle 5942-01。6.2オンス プレミアム Tシャツ。","綿100%","XS,S,M,L,XL,XXL,XXXL","3","1","10","（仮）通常配送","1","0","","6068","レッド","18","6048","","","","1","0","（仮）","5942-01","レッド","0069","XXL","2900000036213","2460"
"13573","5942-01","5942-01 6.2オンス プレミアム Tシャツ","","United Athle 5942-01。6.2オンス プレミアム Tシャツ。","綿100%","XS,S,M,L,XL,XXL,XXXL","3","1","10","（仮）通常配送","1","0","","6075","バーガンディ","19","6048","","","","1","0","（仮）","5942-01","バーガンディ","0072","XXL","2900000036214","2460"
"13573","5942-01","5942-01 6.2オンス プレミアム Tシャツ","","United Athle 5942-01。6.2オンス プレミアム Tシャツ。","綿100%","XS,S,M,L,XL,XXL,XXXL","3","1","10","（仮）通常配送","1","0","","6296","マットパープル","20","6048","","","","1","0","（仮）","5942-01","マットパープル","0079","XXL","2900000036215","2460"
"13573","5942-01","5942-01 6.2オンス プレミアム Tシャツ","","United Athle 5942-01。6.2オンス プレミアム Tシャツ。","綿100%","XS,S,M,L,XL,XXL,XXXL","3","1","10","（仮）通常配送","1","0","","6248","サックス","21","6048","","","","1","0","（仮）","5942-01","サックス","0082","XXL","2900000036216","2460"
"13573","5942-01","5942-01 6.2オンス プレミアム Tシャツ","","United Athle 5942-01。6.2オンス プレミアム Tシャツ。","綿100%","XS,S,M,L,XL,XXL,XXXL","3","1","10","（仮）通常配送","1","0","","6083","ロイヤルブルー","22","6048","","","","1","0","（仮）","5942-01","ロイヤルブルー","0085","XXL","2900000036217","2460"
"13573","5942-01","5942-01 6.2オンス プレミアム Tシャツ","","United Athle 5942-01。6.2オンス プレミアム Tシャツ。","綿100%","XS,S,M,L,XL,XXL,XXXL","3","1","10","（仮）通常配送","1","0","","6087","ネイビー","23","6048","","","","1","0","（仮）","5942-01","ネイビー","0086","XXL","2900000036218","2460"
"13573","5942-01","5942-01 6.2オンス プレミアム Tシャツ","","United Athle 5942-01。6.2オンス プレミアム Tシャツ。","綿100%","XS,S,M,L,XL,XXL,XXXL","3","1","10","（仮）通常配送","1","0","","6085","インディゴ","24","6048","","","","1","0","（仮）","5942-01","インディゴ","0087","XXL","2900000036219","2460"
"13573","5942-01","5942-01 6.2オンス プレミアム Tシャツ","","United Athle 5942-01。6.2オンス プレミアム Tシャツ。","綿100%","XS,S,M,L,XL,XXL,XXXL","3","1","10","（仮）通常配送","1","0","","6250","スレート","25","6048","","","","1","0","（仮）","5942-01","スレート","0088","XXL","2900000036220","2460"
"13573","5942-01","5942-01 6.2オンス プレミアム Tシャツ","","United Athle 5942-01。6.2オンス プレミアム Tシャツ。","綿100%","XS,S,M,L,XL,XXL,XXXL","3","1","10","（仮）通常配送","1","0","","6251","スミ","26","6048","","","","1","0","（仮）","5942-01","スミ","0165","XXL","2900000036221","2460"
"13573","5942-01","5942-01 6.2オンス プレミアム Tシャツ","","United Athle 5942-01。6.2オンス プレミアム Tシャツ。","綿100%","XS,S,M,L,XL,XXL,XXXL","3","1","10","（仮）通常配送","1","0","","6253","バニラホワイト","27","6048","","","","1","0","（仮）","5942-01","バニラホワイト","0191","XXL","2900000036222","2460"
"13573","5942-01","5942-01 6.2オンス プレミアム Tシャツ","","United Athle 5942-01。6.2オンス プレミアム Tシャツ。","綿100%","XS,S,M,L,XL,XXL,XXXL","3","1","10","（仮）通常配送","1","0","","6297","セージグリーン","28","6048","","","","1","0","（仮）","5942-01","セージグリーン","0193","XXL","2900000036223","2460"
"13573","5942-01","5942-01 6.2オンス プレミアム Tシャツ","","United Athle 5942-01。6.2オンス プレミアム Tシャツ。","綿100%","XS,S,M,L,XL,XXL,XXXL","3","1","10","（仮）通常配送","1","0","","6298","スモーキーピンク","29","6048","","","","1","0","（仮）","5942-01","スモーキーピンク","0209","XXL","2900000036224","2460"
"13573","5942-01","5942-01 6.2オンス プレミアム Tシャツ","","United Athle 5942-01。6.2オンス プレミアム Tシャツ。","綿100%","XS,S,M,L,XL,XXL,XXXL","3","1","10","（仮）通常配送","1","0","","6255","バナナ","30","6048","","","","1","0","（仮）","5942-01","バナナ","0369","XXL","2900000036225","2460"
"13573","5942-01","5942-01 6.2オンス プレミアム Tシャツ","","United Athle 5942-01。6.2オンス プレミアム Tシャツ。","綿100%","XS,S,M,L,XL,XXL,XXXL","3","1","10","（仮）通常配送","1","0","","6299","フロストパープル","31","6048","","","","1","0","（仮）","5942-01","フロストパープル","0427","XXL","2900000036226","2460"
"13573","5942-01","5942-01 6.2オンス プレミアム Tシャツ","","United Athle 5942-01。6.2オンス プレミアム Tシャツ。","綿100%","XS,S,M,L,XL,XXL,XXXL","3","1","10","（仮）通常配送","1","0","","6300","スモーキーレッド","32","6048","","","","1","0","（仮）","5942-01","スモーキーレッド","0432","XXL","2900000036227","2460"
"13573","5942-01","5942-01 6.2オンス プレミアム Tシャツ","","United Athle 5942-01。6.2オンス プレミアム Tシャツ。","綿100%","XS,S,M,L,XL,XXL,XXXL","3","1","10","（仮）通常配送","1","0","","6079","ライトブルー","33","6048","","","","1","0","（仮）","5942-01","ライトブルー","0488","XXL","2900000036228","2460"
"13573","5942-01","5942-01 6.2オンス プレミアム Tシャツ","","United Athle 5942-01。6.2オンス プレミアム Tシャツ。","綿100%","XS,S,M,L,XL,XXL,XXXL","3","1","10","（仮）通常配送","1","0","","6094","アイビーグリーン","34","6048","","","","1","0","（仮）","5942-01","アイビーグリーン","0497","XXL","2900000036229","2460"
"13573","5942-01","5942-01 6.2オンス プレミアム Tシャツ","","United Athle 5942-01。6.2オンス プレミアム Tシャツ。","綿100%","XS,S,M,L,XL,XXL,XXXL","3","1","10","（仮）通常配送","1","0","","6258","サンドカーキ","35","6048","","","","1","0","（仮）","5942-01","サンドカーキ","0537","XXL","2900000036230","2460"
"13573","5942-01","5942-01 6.2オンス プレミアム Tシャツ","","United Athle 5942-01。6.2オンス プレミアム Tシャツ。","綿100%","XS,S,M,L,XL,XXL,XXXL","3","1","10","（仮）通常配送","1","0","","6264","ベビーピンク","36","6048","","","","1","0","（仮）","5942-01","ベビーピンク","0576","XXL","2900000036231","2460"
"13573","5942-01","5942-01 6.2オンス プレミアム Tシャツ","","United Athle 5942-01。6.2オンス プレミアム Tシャツ。","綿100%","XS,S,M,L,XL,XXL,XXXL","3","1","10","（仮）通常配送","1","0","","6301","フロストブルー","37","6048","","","","1","0","（仮）","5942-01","フロストブルー","0932","XXL","2900000036232","2460"
"13573","5942-01","5942-01 6.2オンス プレミアム Tシャツ","","United Athle 5942-01。6.2オンス プレミアム Tシャツ。","綿100%","XS,S,M,L,XL,XXL,XXXL","3","1","10","（仮）通常配送","1","0","","6269","ヘイジーブラック","38","6048","","","","1","0","（仮）","5942-01","ヘイジーブラック","0933","XXL","2900000036233","2460"
"13573","5942-01","5942-01 6.2オンス プレミアム Tシャツ","","United Athle 5942-01。6.2オンス プレミアム Tシャツ。","綿100%","XS,S,M,L,XL,XXL,XXXL","3","1","10","（仮）通常配送","1","0","","6270","ヘイジーネイビー","39","6048","","","","1","0","（仮）","5942-01","ヘイジーネイビー","0934","XXL","2900000036234","2460"
"13573","5942-01","5942-01 6.2オンス プレミアム Tシャツ","","United Athle 5942-01。6.2オンス プレミアム Tシャツ。","綿100%","XS,S,M,L,XL,XXL,XXXL","3","1","10","（仮）通常配送","1","0","","6052","ホワイト","1","6049","","","","1","0","（仮）","5942-01","ホワイト","0001","XXXL","2900000036235","2460"
"13573","5942-01","5942-01 6.2オンス プレミアム Tシャツ","","United Athle 5942-01。6.2オンス プレミアム Tシャツ。","綿100%","XS,S,M,L,XL,XXL,XXXL","3","1","10","（仮）通常配送","1","0","","6060","ブラック","2","6049","","","","1","0","（仮）","5942-01","ブラック","0002","XXXL","2900000036236","2750"
"13573","5942-01","5942-01 6.2オンス プレミアム Tシャツ","","United Athle 5942-01。6.2オンス プレミアム Tシャツ。","綿100%","XS,S,M,L,XL,XXL,XXXL","3","1","10","（仮）通常配送","1","0","","6068","レッド","18","6049","","","","1","0","（仮）","5942-01","レッド","0069","XXXL","2900000036237","2750"
"13573","5942-01","5942-01 6.2オンス プレミアム Tシャツ","","United Athle 5942-01。6.2オンス プレミアム Tシャツ。","綿100%","XS,S,M,L,XL,XXL,XXXL","3","1","10","（仮）通常配送","1","0","","6083","ロイヤルブルー","22","6049","","","","1","0","（仮）","5942-01","ロイヤルブルー","0085","XXXL","2900000036238","2750"
"13573","5942-01","5942-01 6.2オンス プレミアム Tシャツ","","United Athle 5942-01。6.2オンス プレミアム Tシャツ。","綿100%","XS,S,M,L,XL,XXL,XXXL","3","1","10","（仮）通常配送","1","0","","6087","ネイビー","23","6049","","","","1","0","（仮）","5942-01","ネイビー","0086","XXXL","2900000036239","2750"
